id;search_date;request;response_date;response_day
1;2026-05-23T00:23:44;tellement main-d’œuvre approfondir;recta;cocorico raide
2;2026-05-22T18:01:42;outre probablement mince;cot cot;tout à fait
3;2026-05-23T03:12:14;rudement repartir puisque;à l'insu de commissionnaire chanter;quant à
4;2026-05-23T11:11:20;ensuite en;terriblement sympathique juriste;diététiste suivant du moment que
5;2026-05-23T07:54:39;plic;hypocrite arrière;dring
6;2026-05-22T22:12:26;de manière à ce que volontiers;vouh responsable;que de manière à ce que outre
7;2026-05-22T16:19:11;pourpre actionnaire;recommencer;timide guide touchant
8;2026-05-22T18:10:50;limiter pour;près;établir biathlète à l'encontre de
9;2026-05-22T22:56:17;après gestionnaire;miam rédaction dynamique;parmi
10;2026-05-22T21:42:31;guère délégation;collègue lorsque commis de cuisine;avant
